-- 初始化数据脚本
-- 基于用户提供的完整数据库数据

SET FOREIGN_KEY_CHECKS = 0;

-- 插入用户数据
INSERT INTO `users` (`userId`, `name`, `username`, `password`, `sex`, `demo`, `birthday`, `IdNum`) VALUES
(1, '用户A', 'user1', NULL, '男', '帅哥', '2015-08-31', NULL),
(2, '用户B', 'user2', NULL, '女', '美女', '2015-10-14', NULL);

-- 插入类型数据（常见支出类别）
INSERT INTO `type` (`typeId`, `name`, `code`, `addDate`, `parentId`, `sequence`) VALUES
(1, '餐饮', 'FOOD', '2025-01-01 00:00:00', NULL, 1),
(2, '交通', 'TRANSPORT', '2025-01-01 00:00:00', NULL, 2),
(3, '购物', 'SHOPPING', '2025-01-01 00:00:00', NULL, 3),
(4, '娱乐', 'ENTERTAINMENT', '2025-01-01 00:00:00', NULL, 4),
(5, '住房', 'HOUSING', '2025-01-01 00:00:00', NULL, 5),
(6, '医疗', 'MEDICAL', '2025-01-01 00:00:00', NULL, 6),
(7, '教育', 'EDUCATION', '2025-01-01 00:00:00', NULL, 7),
(8, '其他', 'OTHER', '2025-01-01 00:00:00', NULL, 8);

-- 插入子类型（餐饮细分）
INSERT INTO `type` (`typeId`, `name`, `code`, `addDate`, `parentId`, `sequence`) VALUES
(9, '早餐', 'BREAKFAST', '2025-01-01 00:00:00', 1, 1),
(10, '午餐', 'LUNCH', '2025-01-01 00:00:00', 1, 2),
(11, '晚餐', 'DINNER', '2025-01-01 00:00:00', 1, 3),
(12, '零食', 'SNACK', '2025-01-01 00:00:00', 1, 4);

-- 插入子类型（交通细分）
INSERT INTO `type` (`typeId`, `name`, `code`, `addDate`, `parentId`, `sequence`) VALUES
(13, '公交', 'BUS', '2025-01-01 00:00:00', 2, 1),
(14, '地铁', 'SUBWAY', '2025-01-01 00:00:00', 2, 2),
(15, '打车', 'TAXI', '2025-01-01 00:00:00', 2, 3),
(16, '加油', 'GAS', '2025-01-01 00:00:00', 2, 4);

-- 插入示例支出数据
INSERT INTO `daily_spend` (`typeId`, `amount`, `demo`, `userId`, `date`, `spendDetailId`) VALUES
(9, 15.50, '豆浆油条', 1, '2025-09-01', 1),
(10, 25.00, '公司食堂', 1, '2025-09-01', 2),
(11, 35.00, '外卖晚餐', 1, '2025-09-01', 3),
(13, 2.00, '公交车费', 1, '2025-09-01', 4),
(3, 99.90, '超市购物', 1, '2025-09-02', 5),
(9, 12.00, '包子豆浆', 2, '2025-09-01', 6),
(10, 18.50, '快餐午餐', 2, '2025-09-01', 7),
(14, 5.00, '地铁出行', 2, '2025-09-01', 8);

-- 插入示例体重数据
INSERT INTO `daily_weight` (`weightId`, `userId`, `weightAmount`, `time`) VALUES
(1, 1, 70.5, '2025-09-01 08:00:00'),
(2, 1, 70.2, '2025-09-02 08:00:00'),
(3, 1, 70.0, '2025-09-03 08:00:00'),
(4, 2, 55.5, '2025-09-01 08:00:00'),
(5, 2, 55.3, '2025-09-02 08:00:00');

-- 插入示例预算数据
INSERT INTO `budget` (`budgetId`, `typeId`, `startDate`, `endDate`, `budgetAmount`, `realAmount`, `difference`, `lastUpdate`, `realPercent`, `remarks`) VALUES
(1, 1, '2025-09-01', '2025-09-30', 1000.00, 75.50, 924.50, '2025-09-01 23:59:59', 7.55, '9月餐饮预算'),
(2, 2, '2025-09-01', '2025-09-30', 300.00, 2.00, 298.00, '2025-09-01 23:59:59', 0.67, '9月交通预算'),
(3, 3, '2025-09-01', '2025-09-30', 500.00, 99.90, 400.10, '2025-09-01 23:59:59', 19.98, '9月购物预算');

-- 插入示例成功日志
INSERT INTO `success_log` (`id`, `content`, `date`, `timeSpend`, `userId`, `sync`) VALUES
(1, '完成每日记账', '2025-09-01 21:00:00', 5.00, 1, 1),
(2, '坚持记录体重', '2025-09-01 21:00:00', 2.00, 1, 1),
(3, '完成每日记账', '2025-09-01 21:00:00', 5.00, 2, 1);

SET FOREIGN_KEY_CHECKS = 1;